,GUNGU,NAME,YEAR,MONTH,KOREAN,FOREIGNER
0,동구,상소오토캠핑장,2015,1,0,0
1,동구,상소오토캠핑장,2015,2,0,0
2,동구,상소오토캠핑장,2015,3,0,0
3,동구,상소오토캠핑장,2015,4,0,0
4,동구,상소오토캠핑장,2015,5,0,0
5,동구,상소오토캠핑장,2015,6,0,0
6,동구,상소오토캠핑장,2015,7,0,0
7,동구,상소오토캠핑장,2015,8,0,0
8,동구,상소오토캠핑장,2015,9,0,0
9,동구,상소오토캠핑장,2015,10,0,0
10,동구,상소오토캠핑장,2015,11,0,0
11,동구,상소오토캠핑장,2015,12,0,0
12,동구,상소오토캠핑장,2016,1,1152,0
13,동구,상소오토캠핑장,2016,2,1224,0
14,동구,상소오토캠핑장,2016,3,1036,0
15,동구,상소오토캠핑장,2016,4,1928,0
16,동구,상소오토캠핑장,2016,5,2520,0
17,동구,상소오토캠핑장,2016,6,1882,0
18,동구,상소오토캠핑장,2016,7,2628,0
19,동구,상소오토캠핑장,2016,8,3420,0
20,동구,상소오토캠핑장,2016,9,2300,0
21,동구,상소오토캠핑장,2016,10,2656,0
22,동구,상소오토캠핑장,2016,11,1795,0
23,동구,상소오토캠핑장,2016,12,1773,0
24,동구,상소오토캠핑장,2017,1,1082,0
25,동구,상소오토캠핑장,2017,2,747,0
26,동구,상소오토캠핑장,2017,3,1164,0
27,동구,상소오토캠핑장,2017,4,1564,0
28,동구,상소오토캠핑장,2017,5,2707,0
29,동구,상소오토캠핑장,2017,6,2116,0
30,동구,상소오토캠핑장,2017,7,1850,0
31,동구,상소오토캠핑장,2017,8,3078,0
32,동구,상소오토캠핑장,2017,9,2353,0
33,동구,상소오토캠핑장,2017,10,3080,0
34,동구,상소오토캠핑장,2017,11,972,0
35,동구,상소오토캠핑장,2017,12,1500,0
36,동구,상소오토캠핑장,2018,1,1158,0
37,동구,상소오토캠핑장,2018,2,1270,0
38,동구,상소오토캠핑장,2018,3,1949,0
39,동구,상소오토캠핑장,2018,4,2176,0
40,동구,상소오토캠핑장,2018,5,2720,0
41,동구,상소오토캠핑장,2018,6,3293,0
42,동구,상소오토캠핑장,2018,7,2300,0
43,동구,상소오토캠핑장,2018,8,2783,0
44,동구,상소오토캠핑장,2018,9,2492,0
45,동구,상소오토캠핑장,2018,10,1880,0
46,동구,상소오토캠핑장,2018,11,1239,0
47,동구,상소오토캠핑장,2018,12,1395,0
48,동구,상소오토캠핑장,2019,1,1168,0
49,동구,상소오토캠핑장,2019,2,1276,0
50,동구,상소오토캠핑장,2019,3,1400,0
51,동구,상소오토캠핑장,2019,4,1824,0
52,동구,상소오토캠핑장,2019,5,2620,0
53,동구,상소오토캠핑장,2019,6,2112,0
54,동구,상소오토캠핑장,2019,7,2348,0
55,동구,상소오토캠핑장,2019,8,3108,0
56,동구,상소오토캠핑장,2019,9,1704,0
57,동구,상소오토캠핑장,2019,10,2840,0
58,동구,상소오토캠핑장,2019,11,0,0
59,동구,상소오토캠핑장,2019,12,0,0
60,동구,찬샘마을,2015,1,0,0
61,동구,찬샘마을,2015,2,0,0
62,동구,찬샘마을,2015,3,0,0
63,동구,찬샘마을,2015,4,0,0
64,동구,찬샘마을,2015,5,0,0
65,동구,찬샘마을,2015,6,0,0
66,동구,찬샘마을,2015,7,0,0
67,동구,찬샘마을,2015,8,0,0
68,동구,찬샘마을,2015,9,0,0
69,동구,찬샘마을,2015,10,0,0
70,동구,찬샘마을,2015,11,0,0
71,동구,찬샘마을,2015,12,0,0
72,동구,찬샘마을,2016,1,0,0
73,동구,찬샘마을,2016,2,0,0
74,동구,찬샘마을,2016,3,0,0
75,동구,찬샘마을,2016,4,0,0
76,동구,찬샘마을,2016,5,0,0
77,동구,찬샘마을,2016,6,0,0
78,동구,찬샘마을,2016,7,0,0
79,동구,찬샘마을,2016,8,0,0
80,동구,찬샘마을,2016,9,0,0
81,동구,찬샘마을,2016,10,0,0
82,동구,찬샘마을,2016,11,0,0
83,동구,찬샘마을,2016,12,0,0
84,동구,찬샘마을,2017,1,216,0
85,동구,찬샘마을,2017,2,140,0
86,동구,찬샘마을,2017,3,112,0
87,동구,찬샘마을,2017,4,3672,0
88,동구,찬샘마을,2017,5,1203,0
89,동구,찬샘마을,2017,6,1778,0
90,동구,찬샘마을,2017,7,563,0
91,동구,찬샘마을,2017,8,406,0
92,동구,찬샘마을,2017,9,4551,0
93,동구,찬샘마을,2017,10,7673,0
94,동구,찬샘마을,2017,11,2117,0
95,동구,찬샘마을,2017,12,810,0
96,동구,찬샘마을,2018,1,194,0
97,동구,찬샘마을,2018,2,127,0
98,동구,찬샘마을,2018,3,58,0
99,동구,찬샘마을,2018,4,2898,0
100,동구,찬샘마을,2018,5,1799,0
101,동구,찬샘마을,2018,6,1587,0
102,동구,찬샘마을,2018,7,317,0
103,동구,찬샘마을,2018,8,239,0
104,동구,찬샘마을,2018,9,3423,0
105,동구,찬샘마을,2018,10,9336,0
106,동구,찬샘마을,2018,11,912,0
107,동구,찬샘마을,2018,12,98,0
108,동구,찬샘마을,2019,1,92,0
109,동구,찬샘마을,2019,2,124,0
110,동구,찬샘마을,2019,3,179,0
111,동구,찬샘마을,2019,4,2194,0
112,동구,찬샘마을,2019,5,1878,0
113,동구,찬샘마을,2019,6,1228,0
114,동구,찬샘마을,2019,7,352,0
115,동구,찬샘마을,2019,8,818,0
116,동구,찬샘마을,2019,9,4085,0
117,동구,찬샘마을,2019,10,10474,0
118,동구,찬샘마을,2019,11,408,0
119,동구,찬샘마을,2019,12,93,0
120,동구,한밭교육박물관,2015,1,2445,0
121,동구,한밭교육박물관,2015,2,1353,0
122,동구,한밭교육박물관,2015,3,1816,0
123,동구,한밭교육박물관,2015,4,1923,0
124,동구,한밭교육박물관,2015,5,2202,0
125,동구,한밭교육박물관,2015,6,1274,0
126,동구,한밭교육박물관,2015,7,1753,0
127,동구,한밭교육박물관,2015,8,1986,0
128,동구,한밭교육박물관,2015,9,6763,0
129,동구,한밭교육박물관,2015,10,2593,0
130,동구,한밭교육박물관,2015,11,2631,0
131,동구,한밭교육박물관,2015,12,3219,0
132,동구,한밭교육박물관,2016,1,2658,0
133,동구,한밭교육박물관,2016,2,1406,0
134,동구,한밭교육박물관,2016,3,1847,0
135,동구,한밭교육박물관,2016,4,1949,0
136,동구,한밭교육박물관,2016,5,2067,0
137,동구,한밭교육박물관,2016,6,2213,0
138,동구,한밭교육박물관,2016,7,2213,0
139,동구,한밭교육박물관,2016,8,2302,0
140,동구,한밭교육박물관,2016,9,5980,0
141,동구,한밭교육박물관,2016,10,2420,0
142,동구,한밭교육박물관,2016,11,2395,0
143,동구,한밭교육박물관,2016,12,3232,0
144,동구,한밭교육박물관,2017,1,2127,0
145,동구,한밭교육박물관,2017,2,1821,0
146,동구,한밭교육박물관,2017,3,1729,0
147,동구,한밭교육박물관,2017,4,2125,0
148,동구,한밭교육박물관,2017,5,2232,0
149,동구,한밭교육박물관,2017,6,2179,0
150,동구,한밭교육박물관,2017,7,2031,0
151,동구,한밭교육박물관,2017,8,2814,0
152,동구,한밭교육박물관,2017,9,6957,0
153,동구,한밭교육박물관,2017,10,2732,0
154,동구,한밭교육박물관,2017,11,2853,0
155,동구,한밭교육박물관,2017,12,2040,0
156,동구,한밭교육박물관,2018,1,1841,0
157,동구,한밭교육박물관,2018,2,944,0
158,동구,한밭교육박물관,2018,3,1703,0
159,동구,한밭교육박물관,2018,4,2126,0
160,동구,한밭교육박물관,2018,5,2215,0
161,동구,한밭교육박물관,2018,6,1937,0
162,동구,한밭교육박물관,2018,7,1819,0
163,동구,한밭교육박물관,2018,8,2256,0
164,동구,한밭교육박물관,2018,9,6132,0
165,동구,한밭교육박물관,2018,10,3076,0
166,동구,한밭교육박물관,2018,11,2524,0
167,동구,한밭교육박물관,2018,12,2221,0
168,동구,한밭교육박물관,2019,1,1949,0
169,동구,한밭교육박물관,2019,2,808,0
170,동구,한밭교육박물관,2019,3,1368,0
171,동구,한밭교육박물관,2019,4,1600,0
172,동구,한밭교육박물관,2019,5,2865,0
173,동구,한밭교육박물관,2019,6,2170,0
174,동구,한밭교육박물관,2019,7,1878,0
175,동구,한밭교육박물관,2019,8,1647,0
176,동구,한밭교육박물관,2019,9,5491,0
177,동구,한밭교육박물관,2019,10,2813,0
178,동구,한밭교육박물관,2019,11,2258,0
179,동구,한밭교육박물관,2019,12,2312,0
180,중구,대전 아쿠아월드,2015,1,0,0
181,중구,대전 아쿠아월드,2015,2,0,0
182,중구,대전 아쿠아월드,2015,3,0,0
183,중구,대전 아쿠아월드,2015,4,0,0
184,중구,대전 아쿠아월드,2015,5,0,0
185,중구,대전 아쿠아월드,2015,6,0,0
186,중구,대전 아쿠아월드,2015,7,0,0
187,중구,대전 아쿠아월드,2015,8,0,0
188,중구,대전 아쿠아월드,2015,9,0,0
189,중구,대전 아쿠아월드,2015,10,0,0
190,중구,대전 아쿠아월드,2015,11,0,0
191,중구,대전 아쿠아월드,2015,12,0,0
192,중구,대전 아쿠아월드,2016,1,0,0
193,중구,대전 아쿠아월드,2016,2,0,0
194,중구,대전 아쿠아월드,2016,3,0,0
195,중구,대전 아쿠아월드,2016,4,0,0
196,중구,대전 아쿠아월드,2016,5,0,0
197,중구,대전 아쿠아월드,2016,6,0,0
198,중구,대전 아쿠아월드,2016,7,20120,0
199,중구,대전 아쿠아월드,2016,8,27873,0
200,중구,대전 아쿠아월드,2016,9,13453,0
201,중구,대전 아쿠아월드,2016,10,18036,0
202,중구,대전 아쿠아월드,2016,11,11002,0
203,중구,대전 아쿠아월드,2016,12,18577,0
204,중구,대전 아쿠아월드,2017,1,21392,0
205,중구,대전 아쿠아월드,2017,2,22697,0
206,중구,대전 아쿠아월드,2017,3,18372,0
207,중구,대전 아쿠아월드,2017,4,13350,0
208,중구,대전 아쿠아월드,2017,5,17607,0
209,중구,대전 아쿠아월드,2017,6,13876,0
210,중구,대전 아쿠아월드,2017,7,20053,0
211,중구,대전 아쿠아월드,2017,8,26185,0
212,중구,대전 아쿠아월드,2017,9,11600,0
213,중구,대전 아쿠아월드,2017,10,14854,0
214,중구,대전 아쿠아월드,2017,11,9340,0
215,중구,대전 아쿠아월드,2017,12,17557,0
216,중구,대전 아쿠아월드,2018,1,21416,0
217,중구,대전 아쿠아월드,2018,2,16465,0
218,중구,대전 아쿠아월드,2018,3,20173,0
219,중구,대전 아쿠아월드,2018,4,14150,0
220,중구,대전 아쿠아월드,2018,5,19182,0
221,중구,대전 아쿠아월드,2018,6,14431,0
222,중구,대전 아쿠아월드,2018,7,17430,0
223,중구,대전 아쿠아월드,2018,8,24006,0
224,중구,대전 아쿠아월드,2018,9,11231,0
225,중구,대전 아쿠아월드,2018,10,12003,0
226,중구,대전 아쿠아월드,2018,11,9702,0
227,중구,대전 아쿠아월드,2018,12,15046,0
228,중구,대전 아쿠아월드,2019,1,17035,0
229,중구,대전 아쿠아월드,2019,2,15734,0
230,중구,대전 아쿠아월드,2019,3,16030,0
231,중구,대전 아쿠아월드,2019,4,11197,0
232,중구,대전 아쿠아월드,2019,5,20199,0
233,중구,대전 아쿠아월드,2019,6,15457,0
234,중구,대전 아쿠아월드,2019,7,14263,0
235,중구,대전 아쿠아월드,2019,8,18576,0
236,중구,대전 아쿠아월드,2019,9,10143,0
237,중구,대전 아쿠아월드,2019,10,12223,0
238,중구,대전 아쿠아월드,2019,11,16075,0
239,중구,대전 아쿠아월드,2019,12,19461,0
240,중구,대전오월드,2015,1,58794,0
241,중구,대전오월드,2015,2,46509,0
242,중구,대전오월드,2015,3,90662,0
243,중구,대전오월드,2015,4,154251,0
244,중구,대전오월드,2015,5,214227,0
245,중구,대전오월드,2015,6,19441,0
246,중구,대전오월드,2015,7,69977,0
247,중구,대전오월드,2015,8,143018,0
248,중구,대전오월드,2015,9,95595,0
249,중구,대전오월드,2015,10,164997,0
250,중구,대전오월드,2015,11,42453,0
251,중구,대전오월드,2015,12,50811,0
252,중구,대전오월드,2016,1,57412,0
253,중구,대전오월드,2016,2,44760,0
254,중구,대전오월드,2016,3,68696,0
255,중구,대전오월드,2016,4,164718,0
256,중구,대전오월드,2016,5,178514,0
257,중구,대전오월드,2016,6,78803,0
258,중구,대전오월드,2016,7,56733,0
259,중구,대전오월드,2016,8,99989,0
260,중구,대전오월드,2016,9,89962,0
261,중구,대전오월드,2016,10,170402,0
262,중구,대전오월드,2016,11,64108,0
263,중구,대전오월드,2016,12,41299,0
264,중구,대전오월드,2017,1,45628,0
265,중구,대전오월드,2017,2,56167,0
266,중구,대전오월드,2017,3,77761,0
267,중구,대전오월드,2017,4,193392,0
268,중구,대전오월드,2017,5,168448,0
269,중구,대전오월드,2017,6,68545,0
270,중구,대전오월드,2017,7,42755,0
271,중구,대전오월드,2017,8,90553,0
272,중구,대전오월드,2017,9,110542,0
273,중구,대전오월드,2017,10,173895,0
274,중구,대전오월드,2017,11,40017,0
275,중구,대전오월드,2017,12,28776,0
276,중구,대전오월드,2018,1,36102,0
277,중구,대전오월드,2018,2,37297,0
278,중구,대전오월드,2018,3,70098,0
279,중구,대전오월드,2018,4,131949,0
280,중구,대전오월드,2018,5,166951,0
281,중구,대전오월드,2018,6,81258,0
282,중구,대전오월드,2018,7,43130,0
283,중구,대전오월드,2018,8,95899,0
284,중구,대전오월드,2018,9,105386,0
285,중구,대전오월드,2018,10,143449,0
286,중구,대전오월드,2018,11,46678,0
287,중구,대전오월드,2018,12,54869,0
288,중구,대전오월드,2019,1,42599,0
289,중구,대전오월드,2019,2,46868,0
290,중구,대전오월드,2019,3,51592,0
291,중구,대전오월드,2019,4,118065,0
292,중구,대전오월드,2019,5,137642,0
293,중구,대전오월드,2019,6,76412,0
294,중구,대전오월드,2019,7,34436,0
295,중구,대전오월드,2019,8,57721,0
296,중구,대전오월드,2019,9,66082,0
297,중구,대전오월드,2019,10,148600,0
298,중구,대전오월드,2019,11,52131,0
299,중구,대전오월드,2019,12,26374,0
300,중구,뿌리공원,2015,1,23119,20
301,중구,뿌리공원,2015,2,28806,143
302,중구,뿌리공원,2015,3,48172,255
303,중구,뿌리공원,2015,4,76292,416
304,중구,뿌리공원,2015,5,124745,599
305,중구,뿌리공원,2015,6,54028,218
306,중구,뿌리공원,2015,7,53961,235
307,중구,뿌리공원,2015,8,70207,282
308,중구,뿌리공원,2015,9,77370,676
309,중구,뿌리공원,2015,10,427492,1291
310,중구,뿌리공원,2015,11,40846,280
311,중구,뿌리공원,2015,12,28133,185
312,중구,뿌리공원,2016,1,27118,122
313,중구,뿌리공원,2016,2,26667,59
314,중구,뿌리공원,2016,3,56121,296
315,중구,뿌리공원,2016,4,89017,526
316,중구,뿌리공원,2016,5,112742,618
317,중구,뿌리공원,2016,6,92246,367
318,중구,뿌리공원,2016,7,58627,161
319,중구,뿌리공원,2016,8,58303,224
320,중구,뿌리공원,2016,9,398298,567
321,중구,뿌리공원,2016,10,83470,391
322,중구,뿌리공원,2016,11,49835,245
323,중구,뿌리공원,2016,12,28477,65
324,중구,뿌리공원,2017,1,36457,0
325,중구,뿌리공원,2017,2,43296,0
326,중구,뿌리공원,2017,3,64603,0
327,중구,뿌리공원,2017,4,97662,0
328,중구,뿌리공원,2017,5,100959,0
329,중구,뿌리공원,2017,6,65352,0
330,중구,뿌리공원,2017,7,48990,0
331,중구,뿌리공원,2017,8,60511,0
332,중구,뿌리공원,2017,9,431223,0
333,중구,뿌리공원,2017,10,119307,0
334,중구,뿌리공원,2017,11,56487,0
335,중구,뿌리공원,2017,12,29226,0
336,중구,뿌리공원,2018,1,28466,63
337,중구,뿌리공원,2018,2,29207,73
338,중구,뿌리공원,2018,3,63908,83
339,중구,뿌리공원,2018,4,85017,213
340,중구,뿌리공원,2018,5,109965,162
341,중구,뿌리공원,2018,6,102222,100
342,중구,뿌리공원,2018,7,68122,73
343,중구,뿌리공원,2018,8,64612,67
344,중구,뿌리공원,2018,9,120148,216
345,중구,뿌리공원,2018,10,305951,339
346,중구,뿌리공원,2018,11,55556,363
347,중구,뿌리공원,2018,12,35718,17
348,중구,뿌리공원,2019,1,39262,0
349,중구,뿌리공원,2019,2,48279,0
350,중구,뿌리공원,2019,3,97916,0
351,중구,뿌리공원,2019,4,88982,0
352,중구,뿌리공원,2019,5,112314,0
353,중구,뿌리공원,2019,6,96430,0
354,중구,뿌리공원,2019,7,75645,0
355,중구,뿌리공원,2019,8,80405,0
356,중구,뿌리공원,2019,9,420532,0
357,중구,뿌리공원,2019,10,93974,0
358,중구,뿌리공원,2019,11,61160,0
359,중구,뿌리공원,2019,12,42741,0
360,서구,남선공원종합체육관,2015,1,0,0
361,서구,남선공원종합체육관,2015,2,0,0
362,서구,남선공원종합체육관,2015,3,0,0
363,서구,남선공원종합체육관,2015,4,0,0
364,서구,남선공원종합체육관,2015,5,0,0
365,서구,남선공원종합체육관,2015,6,0,0
366,서구,남선공원종합체육관,2015,7,0,0
367,서구,남선공원종합체육관,2015,8,0,0
368,서구,남선공원종합체육관,2015,9,0,0
369,서구,남선공원종합체육관,2015,10,0,0
370,서구,남선공원종합체육관,2015,11,0,0
371,서구,남선공원종합체육관,2015,12,0,0
372,서구,남선공원종합체육관,2016,1,0,0
373,서구,남선공원종합체육관,2016,2,0,0
374,서구,남선공원종합체육관,2016,3,0,0
375,서구,남선공원종합체육관,2016,4,0,0
376,서구,남선공원종합체육관,2016,5,0,0
377,서구,남선공원종합체육관,2016,6,0,0
378,서구,남선공원종합체육관,2016,7,0,0
379,서구,남선공원종합체육관,2016,8,0,0
380,서구,남선공원종합체육관,2016,9,0,0
381,서구,남선공원종합체육관,2016,10,0,0
382,서구,남선공원종합체육관,2016,11,0,0
383,서구,남선공원종합체육관,2016,12,0,0
384,서구,남선공원종합체육관,2017,1,39998,0
385,서구,남선공원종합체육관,2017,2,34627,0
386,서구,남선공원종합체육관,2017,3,30768,0
387,서구,남선공원종합체육관,2017,4,30461,0
388,서구,남선공원종합체육관,2017,5,31637,0
389,서구,남선공원종합체육관,2017,6,33628,0
390,서구,남선공원종합체육관,2017,7,43283,0
391,서구,남선공원종합체육관,2017,8,47640,0
392,서구,남선공원종합체육관,2017,9,33908,0
393,서구,남선공원종합체육관,2017,10,23392,0
394,서구,남선공원종합체육관,2017,11,27304,0
395,서구,남선공원종합체육관,2017,12,46706,0
396,서구,남선공원종합체육관,2018,1,34781,0
397,서구,남선공원종합체육관,2018,2,32276,0
398,서구,남선공원종합체육관,2018,3,27115,0
399,서구,남선공원종합체육관,2018,4,24708,0
400,서구,남선공원종합체육관,2018,5,27163,0
401,서구,남선공원종합체육관,2018,6,29048,0
402,서구,남선공원종합체육관,2018,7,41256,0
403,서구,남선공원종합체육관,2018,8,42809,0
404,서구,남선공원종합체육관,2018,9,21444,0
405,서구,남선공원종합체육관,2018,10,22916,0
406,서구,남선공원종합체육관,2018,11,23518,0
407,서구,남선공원종합체육관,2018,12,30855,0
408,서구,남선공원종합체육관,2019,1,34550,0
409,서구,남선공원종합체육관,2019,2,24025,0
410,서구,남선공원종합체육관,2019,3,25230,0
411,서구,남선공원종합체육관,2019,4,24033,0
412,서구,남선공원종합체육관,2019,5,27042,0
413,서구,남선공원종합체육관,2019,6,27583,0
414,서구,남선공원종합체육관,2019,7,37837,0
415,서구,남선공원종합체육관,2019,8,40400,0
416,서구,남선공원종합체육관,2019,9,19688,0
417,서구,남선공원종합체육관,2019,10,25384,0
418,서구,남선공원종합체육관,2019,11,25481,0
419,서구,남선공원종합체육관,2019,12,33939,0
420,서구,대전시립미술관,2015,1,12028,0
421,서구,대전시립미술관,2015,2,4365,0
422,서구,대전시립미술관,2015,3,6745,0
423,서구,대전시립미술관,2015,4,6253,0
424,서구,대전시립미술관,2015,5,8016,0
425,서구,대전시립미술관,2015,6,9328,0
426,서구,대전시립미술관,2015,7,15810,0
427,서구,대전시립미술관,2015,8,27325,0
428,서구,대전시립미술관,2015,9,19300,0
429,서구,대전시립미술관,2015,10,28026,0
430,서구,대전시립미술관,2015,11,25239,0
431,서구,대전시립미술관,2015,12,20620,0
432,서구,대전시립미술관,2016,1,6172,0
433,서구,대전시립미술관,2016,2,6869,0
434,서구,대전시립미술관,2016,3,10602,0
435,서구,대전시립미술관,2016,4,14531,0
436,서구,대전시립미술관,2016,5,18375,0
437,서구,대전시립미술관,2016,6,23398,0
438,서구,대전시립미술관,2016,7,7410,0
439,서구,대전시립미술관,2016,8,15322,0
440,서구,대전시립미술관,2016,9,9434,0
441,서구,대전시립미술관,2016,10,9546,0
442,서구,대전시립미술관,2016,11,8677,0
443,서구,대전시립미술관,2016,12,6886,0
444,서구,대전시립미술관,2017,1,6968,0
445,서구,대전시립미술관,2017,2,7018,0
446,서구,대전시립미술관,2017,3,8780,0
447,서구,대전시립미술관,2017,4,9363,0
448,서구,대전시립미술관,2017,5,20834,0
449,서구,대전시립미술관,2017,6,6429,0
450,서구,대전시립미술관,2017,7,13773,0
451,서구,대전시립미술관,2017,8,20927,0
452,서구,대전시립미술관,2017,9,11202,0
453,서구,대전시립미술관,2017,10,9163,0
454,서구,대전시립미술관,2017,11,8690,0
455,서구,대전시립미술관,2017,12,11230,0
456,서구,대전시립미술관,2018,1,7318,0
457,서구,대전시립미술관,2018,2,6329,0
458,서구,대전시립미술관,2018,3,6754,0
459,서구,대전시립미술관,2018,4,10438,0
460,서구,대전시립미술관,2018,5,13405,0
461,서구,대전시립미술관,2018,6,16083,0
462,서구,대전시립미술관,2018,7,4961,0
463,서구,대전시립미술관,2018,8,16865,0
464,서구,대전시립미술관,2018,9,11583,0
465,서구,대전시립미술관,2018,10,9206,0
466,서구,대전시립미술관,2018,11,8357,0
467,서구,대전시립미술관,2018,12,10929,0
468,서구,대전시립미술관,2019,1,6645,0
469,서구,대전시립미술관,2019,2,7095,0
470,서구,대전시립미술관,2019,3,8495,0
471,서구,대전시립미술관,2019,4,7632,0
472,서구,대전시립미술관,2019,5,9875,0
473,서구,대전시립미술관,2019,6,21493,0
474,서구,대전시립미술관,2019,7,10153,0
475,서구,대전시립미술관,2019,8,19240,0
476,서구,대전시립미술관,2019,9,12330,0
477,서구,대전시립미술관,2019,10,10467,0
478,서구,대전시립미술관,2019,11,9522,0
479,서구,대전시립미술관,2019,12,11588,0
480,서구,대전예술의전당,2015,1,0,0
481,서구,대전예술의전당,2015,2,0,0
482,서구,대전예술의전당,2015,3,0,0
483,서구,대전예술의전당,2015,4,0,0
484,서구,대전예술의전당,2015,5,0,0
485,서구,대전예술의전당,2015,6,0,0
486,서구,대전예술의전당,2015,7,0,0
487,서구,대전예술의전당,2015,8,0,0
488,서구,대전예술의전당,2015,9,0,0
489,서구,대전예술의전당,2015,10,0,0
490,서구,대전예술의전당,2015,11,0,0
491,서구,대전예술의전당,2015,12,0,0
492,서구,대전예술의전당,2016,1,0,0
493,서구,대전예술의전당,2016,2,0,0
494,서구,대전예술의전당,2016,3,0,0
495,서구,대전예술의전당,2016,4,0,0
496,서구,대전예술의전당,2016,5,0,0
497,서구,대전예술의전당,2016,6,0,0
498,서구,대전예술의전당,2016,7,0,0
499,서구,대전예술의전당,2016,8,0,0
500,서구,대전예술의전당,2016,9,0,0
501,서구,대전예술의전당,2016,10,0,0
502,서구,대전예술의전당,2016,11,0,0
503,서구,대전예술의전당,2016,12,0,0
504,서구,대전예술의전당,2017,1,0,0
505,서구,대전예술의전당,2017,2,0,0
506,서구,대전예술의전당,2017,3,0,0
507,서구,대전예술의전당,2017,4,0,0
508,서구,대전예술의전당,2017,5,0,0
509,서구,대전예술의전당,2017,6,0,0
510,서구,대전예술의전당,2017,7,0,0
511,서구,대전예술의전당,2017,8,0,0
512,서구,대전예술의전당,2017,9,0,0
513,서구,대전예술의전당,2017,10,0,0
514,서구,대전예술의전당,2017,11,0,0
515,서구,대전예술의전당,2017,12,0,0
516,서구,대전예술의전당,2018,1,0,0
517,서구,대전예술의전당,2018,2,0,0
518,서구,대전예술의전당,2018,3,0,0
519,서구,대전예술의전당,2018,4,0,0
520,서구,대전예술의전당,2018,5,0,0
521,서구,대전예술의전당,2018,6,0,0
522,서구,대전예술의전당,2018,7,0,0
523,서구,대전예술의전당,2018,8,0,0
524,서구,대전예술의전당,2018,9,0,0
525,서구,대전예술의전당,2018,10,0,0
526,서구,대전예술의전당,2018,11,0,0
527,서구,대전예술의전당,2018,12,0,0
528,서구,대전예술의전당,2019,1,0,0
529,서구,대전예술의전당,2019,2,0,0
530,서구,대전예술의전당,2019,3,0,0
531,서구,대전예술의전당,2019,4,0,0
532,서구,대전예술의전당,2019,5,0,0
533,서구,대전예술의전당,2019,6,0,0
534,서구,대전예술의전당,2019,7,7136,0
535,서구,대전예술의전당,2019,8,12097,0
536,서구,대전예술의전당,2019,9,14651,0
537,서구,대전예술의전당,2019,10,18731,0
538,서구,대전예술의전당,2019,11,25857,0
539,서구,대전예술의전당,2019,12,32371,0
540,서구,장태산자연휴양림,2015,1,0,0
541,서구,장태산자연휴양림,2015,2,0,0
542,서구,장태산자연휴양림,2015,3,0,0
543,서구,장태산자연휴양림,2015,4,0,0
544,서구,장태산자연휴양림,2015,5,0,0
545,서구,장태산자연휴양림,2015,6,0,0
546,서구,장태산자연휴양림,2015,7,0,0
547,서구,장태산자연휴양림,2015,8,0,0
548,서구,장태산자연휴양림,2015,9,0,0
549,서구,장태산자연휴양림,2015,10,0,0
550,서구,장태산자연휴양림,2015,11,0,0
551,서구,장태산자연휴양림,2015,12,0,0
552,서구,장태산자연휴양림,2016,1,0,0
553,서구,장태산자연휴양림,2016,2,0,0
554,서구,장태산자연휴양림,2016,3,0,0
555,서구,장태산자연휴양림,2016,4,0,0
556,서구,장태산자연휴양림,2016,5,0,0
557,서구,장태산자연휴양림,2016,6,0,0
558,서구,장태산자연휴양림,2016,7,0,0
559,서구,장태산자연휴양림,2016,8,0,0
560,서구,장태산자연휴양림,2016,9,0,0
561,서구,장태산자연휴양림,2016,10,0,0
562,서구,장태산자연휴양림,2016,11,0,0
563,서구,장태산자연휴양림,2016,12,0,0
564,서구,장태산자연휴양림,2017,1,42206,0
565,서구,장태산자연휴양림,2017,2,39224,0
566,서구,장태산자연휴양림,2017,3,57887,0
567,서구,장태산자연휴양림,2017,4,79833,0
568,서구,장태산자연휴양림,2017,5,107288,0
569,서구,장태산자연휴양림,2017,6,103092,0
570,서구,장태산자연휴양림,2017,7,79033,0
571,서구,장태산자연휴양림,2017,8,52611,0
572,서구,장태산자연휴양림,2017,9,67570,0
573,서구,장태산자연휴양림,2017,10,103917,0
574,서구,장태산자연휴양림,2017,11,93830,0
575,서구,장태산자연휴양림,2017,12,34190,0
576,서구,장태산자연휴양림,2018,1,53525,0
577,서구,장태산자연휴양림,2018,2,31501,0
578,서구,장태산자연휴양림,2018,3,44887,0
579,서구,장태산자연휴양림,2018,4,42150,0
580,서구,장태산자연휴양림,2018,5,67009,0
581,서구,장태산자연휴양림,2018,6,54705,0
582,서구,장태산자연휴양림,2018,7,42822,0
583,서구,장태산자연휴양림,2018,8,101911,0
584,서구,장태산자연휴양림,2018,9,129867,0
585,서구,장태산자연휴양림,2018,10,123136,0
586,서구,장태산자연휴양림,2018,11,103343,0
587,서구,장태산자연휴양림,2018,12,44894,0
588,서구,장태산자연휴양림,2019,1,41007,0
589,서구,장태산자연휴양림,2019,2,45381,0
590,서구,장태산자연휴양림,2019,3,53026,0
591,서구,장태산자연휴양림,2019,4,71516,0
592,서구,장태산자연휴양림,2019,5,119381,0
593,서구,장태산자연휴양림,2019,6,128514,0
594,서구,장태산자연휴양림,2019,7,85810,0
595,서구,장태산자연휴양림,2019,8,107483,0
596,서구,장태산자연휴양림,2019,9,62482,0
597,서구,장태산자연휴양림,2019,10,97764,0
598,서구,장태산자연휴양림,2019,11,99805,0
599,서구,장태산자연휴양림,2019,12,47567,0
600,서구,한밭수목원,2015,1,0,0
601,서구,한밭수목원,2015,2,0,0
602,서구,한밭수목원,2015,3,0,0
603,서구,한밭수목원,2015,4,0,0
604,서구,한밭수목원,2015,5,0,0
605,서구,한밭수목원,2015,6,0,0
606,서구,한밭수목원,2015,7,0,0
607,서구,한밭수목원,2015,8,0,0
608,서구,한밭수목원,2015,9,0,0
609,서구,한밭수목원,2015,10,0,0
610,서구,한밭수목원,2015,11,0,0
611,서구,한밭수목원,2015,12,0,0
612,서구,한밭수목원,2016,1,0,0
613,서구,한밭수목원,2016,2,0,0
614,서구,한밭수목원,2016,3,0,0
615,서구,한밭수목원,2016,4,0,0
616,서구,한밭수목원,2016,5,0,0
617,서구,한밭수목원,2016,6,0,0
618,서구,한밭수목원,2016,7,0,0
619,서구,한밭수목원,2016,8,0,0
620,서구,한밭수목원,2016,9,0,0
621,서구,한밭수목원,2016,10,0,0
622,서구,한밭수목원,2016,11,0,0
623,서구,한밭수목원,2016,12,0,0
624,서구,한밭수목원,2017,1,0,0
625,서구,한밭수목원,2017,2,0,0
626,서구,한밭수목원,2017,3,0,0
627,서구,한밭수목원,2017,4,0,0
628,서구,한밭수목원,2017,5,0,0
629,서구,한밭수목원,2017,6,0,0
630,서구,한밭수목원,2017,7,0,0
631,서구,한밭수목원,2017,8,0,0
632,서구,한밭수목원,2017,9,0,0
633,서구,한밭수목원,2017,10,0,0
634,서구,한밭수목원,2017,11,0,0
635,서구,한밭수목원,2017,12,0,0
636,서구,한밭수목원,2018,1,0,0
637,서구,한밭수목원,2018,2,0,0
638,서구,한밭수목원,2018,3,0,0
639,서구,한밭수목원,2018,4,0,0
640,서구,한밭수목원,2018,5,0,0
641,서구,한밭수목원,2018,6,0,0
642,서구,한밭수목원,2018,7,0,0
643,서구,한밭수목원,2018,8,0,0
644,서구,한밭수목원,2018,9,0,0
645,서구,한밭수목원,2018,10,0,0
646,서구,한밭수목원,2018,11,0,0
647,서구,한밭수목원,2018,12,0,0
648,서구,한밭수목원,2019,1,0,0
649,서구,한밭수목원,2019,2,0,0
650,서구,한밭수목원,2019,3,0,0
651,서구,한밭수목원,2019,4,0,0
652,서구,한밭수목원,2019,5,0,0
653,서구,한밭수목원,2019,6,0,0
654,서구,한밭수목원,2019,7,71313,0
655,서구,한밭수목원,2019,8,78667,0
656,서구,한밭수목원,2019,9,96473,0
657,서구,한밭수목원,2019,10,181585,0
658,서구,한밭수목원,2019,11,98069,0
659,서구,한밭수목원,2019,12,53205,0
660,유성구,계룡산 수통골,2015,1,38484,0
661,유성구,계룡산 수통골,2015,2,35656,0
662,유성구,계룡산 수통골,2015,3,49599,0
663,유성구,계룡산 수통골,2015,4,45135,0
664,유성구,계룡산 수통골,2015,5,60337,0
665,유성구,계룡산 수통골,2015,6,55443,0
666,유성구,계룡산 수통골,2015,7,68884,0
667,유성구,계룡산 수통골,2015,8,77394,0
668,유성구,계룡산 수통골,2015,9,79578,0
669,유성구,계룡산 수통골,2015,10,62875,0
670,유성구,계룡산 수통골,2015,11,39625,0
671,유성구,계룡산 수통골,2015,12,35362,0
672,유성구,계룡산 수통골,2016,1,34757,0
673,유성구,계룡산 수통골,2016,2,29244,0
674,유성구,계룡산 수통골,2016,3,42916,0
675,유성구,계룡산 수통골,2016,4,47233,0
676,유성구,계룡산 수통골,2016,5,58645,0
677,유성구,계룡산 수통골,2016,6,42447,0
678,유성구,계룡산 수통골,2016,7,49970,0
679,유성구,계룡산 수통골,2016,8,49234,0
680,유성구,계룡산 수통골,2016,9,46096,0
681,유성구,계룡산 수통골,2016,10,55467,0
682,유성구,계룡산 수통골,2016,11,49035,0
683,유성구,계룡산 수통골,2016,12,51925,0
684,유성구,계룡산 수통골,2017,1,64544,0
685,유성구,계룡산 수통골,2017,2,59022,0
686,유성구,계룡산 수통골,2017,3,84891,0
687,유성구,계룡산 수통골,2017,4,92041,0
688,유성구,계룡산 수통골,2017,5,90042,0
689,유성구,계룡산 수통골,2017,6,87367,0
690,유성구,계룡산 수통골,2017,7,80989,0
691,유성구,계룡산 수통골,2017,8,89928,0
692,유성구,계룡산 수통골,2017,9,90054,0
693,유성구,계룡산 수통골,2017,10,106922,0
694,유성구,계룡산 수통골,2017,11,74575,0
695,유성구,계룡산 수통골,2017,12,51146,0
696,유성구,계룡산 수통골,2018,1,48454,0
697,유성구,계룡산 수통골,2018,2,47935,0
698,유성구,계룡산 수통골,2018,3,82958,0
699,유성구,계룡산 수통골,2018,4,82580,0
700,유성구,계룡산 수통골,2018,5,103115,0
701,유성구,계룡산 수통골,2018,6,102884,0
702,유성구,계룡산 수통골,2018,7,90036,0
703,유성구,계룡산 수통골,2018,8,56749,0
704,유성구,계룡산 수통골,2018,9,92125,0
705,유성구,계룡산 수통골,2018,10,104157,129
706,유성구,계룡산 수통골,2018,11,82765,101
707,유성구,계룡산 수통골,2018,12,57394,73
708,유성구,계룡산 수통골,2019,1,64221,0
709,유성구,계룡산 수통골,2019,2,64373,0
710,유성구,계룡산 수통골,2019,3,49951,0
711,유성구,계룡산 수통골,2019,4,44142,0
712,유성구,계룡산 수통골,2019,5,91269,0
713,유성구,계룡산 수통골,2019,6,96470,0
714,유성구,계룡산 수통골,2019,7,88393,0
715,유성구,계룡산 수통골,2019,8,85577,0
716,유성구,계룡산 수통골,2019,9,78944,0
717,유성구,계룡산 수통골,2019,10,119600,0
718,유성구,계룡산 수통골,2019,11,107300,0
719,유성구,계룡산 수통골,2019,12,72600,0
720,유성구,국립중앙과학관,2015,1,89103,0
721,유성구,국립중앙과학관,2015,2,57199,0
722,유성구,국립중앙과학관,2015,3,54009,0
723,유성구,국립중앙과학관,2015,4,134854,0
724,유성구,국립중앙과학관,2015,5,172340,0
725,유성구,국립중앙과학관,2015,6,28420,0
726,유성구,국립중앙과학관,2015,7,82464,0
727,유성구,국립중앙과학관,2015,8,144297,0
728,유성구,국립중앙과학관,2015,9,111137,0
729,유성구,국립중앙과학관,2015,10,169335,0
730,유성구,국립중앙과학관,2015,11,82719,0
731,유성구,국립중앙과학관,2015,12,88599,0
732,유성구,국립중앙과학관,2016,1,115739,0
733,유성구,국립중앙과학관,2016,2,75597,0
734,유성구,국립중앙과학관,2016,3,62435,0
735,유성구,국립중앙과학관,2016,4,158845,0
736,유성구,국립중앙과학관,2016,5,152690,0
737,유성구,국립중앙과학관,2016,6,82793,0
738,유성구,국립중앙과학관,2016,7,94269,0
739,유성구,국립중앙과학관,2016,8,118193,0
740,유성구,국립중앙과학관,2016,9,122156,0
741,유성구,국립중앙과학관,2016,10,163171,0
742,유성구,국립중앙과학관,2016,11,78827,0
743,유성구,국립중앙과학관,2016,12,83824,0
744,유성구,국립중앙과학관,2017,1,87351,0
745,유성구,국립중앙과학관,2017,2,93735,0
746,유성구,국립중앙과학관,2017,3,86977,0
747,유성구,국립중앙과학관,2017,4,169484,0
748,유성구,국립중앙과학관,2017,5,200587,0
749,유성구,국립중앙과학관,2017,6,115329,0
750,유성구,국립중앙과학관,2017,7,118794,0
751,유성구,국립중앙과학관,2017,8,168022,0
752,유성구,국립중앙과학관,2017,9,167538,0
753,유성구,국립중앙과학관,2017,10,155781,0
754,유성구,국립중앙과학관,2017,11,83527,0
755,유성구,국립중앙과학관,2017,12,82816,0
756,유성구,국립중앙과학관,2018,1,93508,0
757,유성구,국립중앙과학관,2018,2,82886,0
758,유성구,국립중앙과학관,2018,3,86110,0
759,유성구,국립중앙과학관,2018,4,142660,0
760,유성구,국립중앙과학관,2018,5,173993,0
761,유성구,국립중앙과학관,2018,6,105025,0
762,유성구,국립중앙과학관,2018,7,134841,0
763,유성구,국립중앙과학관,2018,8,199819,0
764,유성구,국립중앙과학관,2018,9,165897,0
765,유성구,국립중앙과학관,2018,10,142216,0
766,유성구,국립중앙과학관,2018,11,96960,0
767,유성구,국립중앙과학관,2018,12,95065,0
768,유성구,국립중앙과학관,2019,1,104886,0
769,유성구,국립중앙과학관,2019,2,82613,0
770,유성구,국립중앙과학관,2019,3,94794,0
771,유성구,국립중앙과학관,2019,4,127846,0
772,유성구,국립중앙과학관,2019,5,133025,0
773,유성구,국립중앙과학관,2019,6,119210,0
774,유성구,국립중앙과학관,2019,7,111462,0
775,유성구,국립중앙과학관,2019,8,158881,0
776,유성구,국립중앙과학관,2019,9,157633,0
777,유성구,국립중앙과학관,2019,10,137386,0
778,유성구,국립중앙과학관,2019,11,75532,0
779,유성구,국립중앙과학관,2019,12,73972,0
780,유성구,대전시민천문대,2015,1,0,0
781,유성구,대전시민천문대,2015,2,0,0
782,유성구,대전시민천문대,2015,3,0,0
783,유성구,대전시민천문대,2015,4,0,0
784,유성구,대전시민천문대,2015,5,0,0
785,유성구,대전시민천문대,2015,6,0,0
786,유성구,대전시민천문대,2015,7,0,0
787,유성구,대전시민천문대,2015,8,0,0
788,유성구,대전시민천문대,2015,9,0,0
789,유성구,대전시민천문대,2015,10,0,0
790,유성구,대전시민천문대,2015,11,0,0
791,유성구,대전시민천문대,2015,12,0,0
792,유성구,대전시민천문대,2016,1,0,0
793,유성구,대전시민천문대,2016,2,0,0
794,유성구,대전시민천문대,2016,3,0,0
795,유성구,대전시민천문대,2016,4,0,0
796,유성구,대전시민천문대,2016,5,0,0
797,유성구,대전시민천문대,2016,6,0,0
798,유성구,대전시민천문대,2016,7,0,0
799,유성구,대전시민천문대,2016,8,0,0
800,유성구,대전시민천문대,2016,9,0,0
801,유성구,대전시민천문대,2016,10,0,0
802,유성구,대전시민천문대,2016,11,0,0
803,유성구,대전시민천문대,2016,12,0,0
804,유성구,대전시민천문대,2017,1,6188,0
805,유성구,대전시민천문대,2017,2,9807,0
806,유성구,대전시민천문대,2017,3,6642,0
807,유성구,대전시민천문대,2017,4,7699,0
808,유성구,대전시민천문대,2017,5,10151,0
809,유성구,대전시민천문대,2017,6,6202,0
810,유성구,대전시민천문대,2017,7,8573,0
811,유성구,대전시민천문대,2017,8,25076,0
812,유성구,대전시민천문대,2017,9,10867,0
813,유성구,대전시민천문대,2017,10,14476,0
814,유성구,대전시민천문대,2017,11,6879,0
815,유성구,대전시민천문대,2017,12,6817,0
816,유성구,대전시민천문대,2018,1,12035,0
817,유성구,대전시민천문대,2018,2,5410,0
818,유성구,대전시민천문대,2018,3,8949,0
819,유성구,대전시민천문대,2018,4,6692,0
820,유성구,대전시민천문대,2018,5,9080,0
821,유성구,대전시민천문대,2018,6,7454,0
822,유성구,대전시민천문대,2018,7,13688,0
823,유성구,대전시민천문대,2018,8,22731,0
824,유성구,대전시민천문대,2018,9,8314,0
825,유성구,대전시민천문대,2018,10,15785,0
826,유성구,대전시민천문대,2018,11,7436,0
827,유성구,대전시민천문대,2018,12,6387,0
828,유성구,대전시민천문대,2019,1,11892,0
829,유성구,대전시민천문대,2019,2,8235,0
830,유성구,대전시민천문대,2019,3,8412,0
831,유성구,대전시민천문대,2019,4,6413,0
832,유성구,대전시민천문대,2019,5,16352,0
833,유성구,대전시민천문대,2019,6,6552,0
834,유성구,대전시민천문대,2019,7,8410,0
835,유성구,대전시민천문대,2019,8,14936,0
836,유성구,대전시민천문대,2019,9,7142,0
837,유성구,대전시민천문대,2019,10,10651,0
838,유성구,대전시민천문대,2019,11,7708,0
839,유성구,대전시민천문대,2019,12,6460,0
840,유성구,솔로몬 로파크,2015,1,21809,0
841,유성구,솔로몬 로파크,2015,2,18430,0
842,유성구,솔로몬 로파크,2015,3,21899,0
843,유성구,솔로몬 로파크,2015,4,31719,0
844,유성구,솔로몬 로파크,2015,5,27405,0
845,유성구,솔로몬 로파크,2015,6,5024,0
846,유성구,솔로몬 로파크,2015,7,11419,0
847,유성구,솔로몬 로파크,2015,8,24338,0
848,유성구,솔로몬 로파크,2015,9,13055,0
849,유성구,솔로몬 로파크,2015,10,22152,0
850,유성구,솔로몬 로파크,2015,11,30656,0
851,유성구,솔로몬 로파크,2015,12,32061,0
852,유성구,솔로몬 로파크,2016,1,19463,0
853,유성구,솔로몬 로파크,2016,2,14623,0
854,유성구,솔로몬 로파크,2016,3,20074,0
855,유성구,솔로몬 로파크,2016,4,33002,0
856,유성구,솔로몬 로파크,2016,5,26392,0
857,유성구,솔로몬 로파크,2016,6,18286,0
858,유성구,솔로몬 로파크,2016,7,16375,0
859,유성구,솔로몬 로파크,2016,8,22313,0
860,유성구,솔로몬 로파크,2016,9,17322,0
861,유성구,솔로몬 로파크,2016,10,26403,0
862,유성구,솔로몬 로파크,2016,11,20902,0
863,유성구,솔로몬 로파크,2016,12,28161,0
864,유성구,솔로몬 로파크,2017,1,11581,0
865,유성구,솔로몬 로파크,2017,2,30948,0
866,유성구,솔로몬 로파크,2017,3,49246,0
867,유성구,솔로몬 로파크,2017,4,37547,0
868,유성구,솔로몬 로파크,2017,5,24215,0
869,유성구,솔로몬 로파크,2017,6,20928,0
870,유성구,솔로몬 로파크,2017,7,21575,0
871,유성구,솔로몬 로파크,2017,8,24007,0
872,유성구,솔로몬 로파크,2017,9,26150,0
873,유성구,솔로몬 로파크,2017,10,19199,0
874,유성구,솔로몬 로파크,2017,11,19959,0
875,유성구,솔로몬 로파크,2017,12,17257,0
876,유성구,솔로몬 로파크,2018,1,13692,0
877,유성구,솔로몬 로파크,2018,2,11180,0
878,유성구,솔로몬 로파크,2018,3,19321,0
879,유성구,솔로몬 로파크,2018,4,32518,0
880,유성구,솔로몬 로파크,2018,5,5701,0
881,유성구,솔로몬 로파크,2018,6,40869,0
882,유성구,솔로몬 로파크,2018,7,15559,0
883,유성구,솔로몬 로파크,2018,8,20716,0
884,유성구,솔로몬 로파크,2018,9,22454,0
885,유성구,솔로몬 로파크,2018,10,25611,0
886,유성구,솔로몬 로파크,2018,11,15223,0
887,유성구,솔로몬 로파크,2018,12,22633,0
888,유성구,솔로몬 로파크,2019,1,14580,0
889,유성구,솔로몬 로파크,2019,2,13595,0
890,유성구,솔로몬 로파크,2019,3,19957,0
891,유성구,솔로몬 로파크,2019,4,37252,0
892,유성구,솔로몬 로파크,2019,5,22235,0
893,유성구,솔로몬 로파크,2019,6,23653,0
894,유성구,솔로몬 로파크,2019,7,8389,0
895,유성구,솔로몬 로파크,2019,8,13690,0
896,유성구,솔로몬 로파크,2019,9,0,0
897,유성구,솔로몬 로파크,2019,10,0,0
898,유성구,솔로몬 로파크,2019,11,0,0
899,유성구,솔로몬 로파크,2019,12,0,0
900,유성구,유성유스호스텔,2015,1,1668,0
901,유성구,유성유스호스텔,2015,2,1015,0
902,유성구,유성유스호스텔,2015,3,1496,0
903,유성구,유성유스호스텔,2015,4,2634,0
904,유성구,유성유스호스텔,2015,5,2377,0
905,유성구,유성유스호스텔,2015,6,520,0
906,유성구,유성유스호스텔,2015,7,1556,0
907,유성구,유성유스호스텔,2015,8,2071,0
908,유성구,유성유스호스텔,2015,9,2290,0
909,유성구,유성유스호스텔,2015,10,2357,80
910,유성구,유성유스호스텔,2015,11,2041,0
911,유성구,유성유스호스텔,2015,12,1317,0
912,유성구,유성유스호스텔,2016,1,1359,0
913,유성구,유성유스호스텔,2016,2,934,0
914,유성구,유성유스호스텔,2016,3,1060,0
915,유성구,유성유스호스텔,2016,4,1381,0
916,유성구,유성유스호스텔,2016,5,1274,0
917,유성구,유성유스호스텔,2016,6,1233,0
918,유성구,유성유스호스텔,2016,7,1531,0
919,유성구,유성유스호스텔,2016,8,2066,0
920,유성구,유성유스호스텔,2016,9,259,0
921,유성구,유성유스호스텔,2016,10,2034,0
922,유성구,유성유스호스텔,2016,11,1880,0
923,유성구,유성유스호스텔,2016,12,1682,0
924,유성구,유성유스호스텔,2017,1,3417,0
925,유성구,유성유스호스텔,2017,2,3602,0
926,유성구,유성유스호스텔,2017,3,2766,0
927,유성구,유성유스호스텔,2017,4,2601,0
928,유성구,유성유스호스텔,2017,5,3904,0
929,유성구,유성유스호스텔,2017,6,3042,0
930,유성구,유성유스호스텔,2017,7,1245,0
931,유성구,유성유스호스텔,2017,8,1777,0
932,유성구,유성유스호스텔,2017,9,1443,0
933,유성구,유성유스호스텔,2017,10,1289,0
934,유성구,유성유스호스텔,2017,11,1736,0
935,유성구,유성유스호스텔,2017,12,778,0
936,유성구,유성유스호스텔,2018,1,1371,0
937,유성구,유성유스호스텔,2018,2,929,0
938,유성구,유성유스호스텔,2018,3,816,0
939,유성구,유성유스호스텔,2018,4,1348,0
940,유성구,유성유스호스텔,2018,5,1342,0
941,유성구,유성유스호스텔,2018,6,837,0
942,유성구,유성유스호스텔,2018,7,1774,0
943,유성구,유성유스호스텔,2018,8,1849,0
944,유성구,유성유스호스텔,2018,9,1132,0
945,유성구,유성유스호스텔,2018,10,1290,0
946,유성구,유성유스호스텔,2018,11,494,0
947,유성구,유성유스호스텔,2018,12,56,0
948,유성구,유성유스호스텔,2019,1,1488,0
949,유성구,유성유스호스텔,2019,2,650,0
950,유성구,유성유스호스텔,2019,3,943,0
951,유성구,유성유스호스텔,2019,4,1703,0
952,유성구,유성유스호스텔,2019,5,1129,0
953,유성구,유성유스호스텔,2019,6,751,0
954,유성구,유성유스호스텔,2019,7,976,0
955,유성구,유성유스호스텔,2019,8,1512,0
956,유성구,유성유스호스텔,2019,9,674,0
957,유성구,유성유스호스텔,2019,10,1447,0
958,유성구,유성유스호스텔,2019,11,899,0
959,유성구,유성유스호스텔,2019,12,0,0
960,유성구,지질박물관,2015,1,10652,0
961,유성구,지질박물관,2015,2,5357,0
962,유성구,지질박물관,2015,3,4708,0
963,유성구,지질박물관,2015,4,7775,0
964,유성구,지질박물관,2015,5,9237,0
965,유성구,지질박물관,2015,6,1801,0
966,유성구,지질박물관,2015,7,6356,0
967,유성구,지질박물관,2015,8,11129,0
968,유성구,지질박물관,2015,9,5509,0
969,유성구,지질박물관,2015,10,10263,0
970,유성구,지질박물관,2015,11,8792,0
971,유성구,지질박물관,2015,12,6602,0
972,유성구,지질박물관,2016,1,10779,0
973,유성구,지질박물관,2016,2,6079,0
974,유성구,지질박물관,2016,3,6591,0
975,유성구,지질박물관,2016,4,9034,0
976,유성구,지질박물관,2016,5,7644,0
977,유성구,지질박물관,2016,6,6753,0
978,유성구,지질박물관,2016,7,8907,0
979,유성구,지질박물관,2016,8,12721,0
980,유성구,지질박물관,2016,9,6914,0
981,유성구,지질박물관,2016,10,8539,0
982,유성구,지질박물관,2016,11,7660,0
983,유성구,지질박물관,2016,12,6469,0
984,유성구,지질박물관,2017,1,6249,0
985,유성구,지질박물관,2017,2,7606,0
986,유성구,지질박물관,2017,3,4669,0
987,유성구,지질박물관,2017,4,9186,0
988,유성구,지질박물관,2017,5,6489,0
989,유성구,지질박물관,2017,6,6294,0
990,유성구,지질박물관,2017,7,9108,0
991,유성구,지질박물관,2017,8,9877,0
992,유성구,지질박물관,2017,9,6231,0
993,유성구,지질박물관,2017,10,6752,0
994,유성구,지질박물관,2017,11,7922,0
995,유성구,지질박물관,2017,12,4376,0
996,유성구,지질박물관,2018,1,5951,0
997,유성구,지질박물관,2018,2,3389,0
998,유성구,지질박물관,2018,3,4136,0
999,유성구,지질박물관,2018,4,7456,0
1000,유성구,지질박물관,2018,5,6741,0
1001,유성구,지질박물관,2018,6,4872,0
1002,유성구,지질박물관,2018,7,5233,0
1003,유성구,지질박물관,2018,8,8490,0
1004,유성구,지질박물관,2018,9,4142,0
1005,유성구,지질박물관,2018,10,5165,56
1006,유성구,지질박물관,2018,11,4602,99
1007,유성구,지질박물관,2018,12,3643,17
1008,유성구,지질박물관,2019,1,4817,87
1009,유성구,지질박물관,2019,2,3541,23
1010,유성구,지질박물관,2019,3,3925,37
1011,유성구,지질박물관,2019,4,6643,52
1012,유성구,지질박물관,2019,5,4920,44
1013,유성구,지질박물관,2019,6,3966,57
1014,유성구,지질박물관,2019,7,4316,111
1015,유성구,지질박물관,2019,8,6209,80
1016,유성구,지질박물관,2019,9,2911,123
1017,유성구,지질박물관,2019,10,4221,116
1018,유성구,지질박물관,2019,11,4548,54
1019,유성구,지질박물관,2019,12,3241,39
1020,유성구,화폐박물관,2015,1,12802,0
1021,유성구,화폐박물관,2015,2,7642,0
1022,유성구,화폐박물관,2015,3,9747,0
1023,유성구,화폐박물관,2015,4,33325,0
1024,유성구,화폐박물관,2015,5,18619,0
1025,유성구,화폐박물관,2015,6,1916,0
1026,유성구,화폐박물관,2015,7,6606,0
1027,유성구,화폐박물관,2015,8,15993,0
1028,유성구,화폐박물관,2015,9,7612,0
1029,유성구,화폐박물관,2015,10,14449,0
1030,유성구,화폐박물관,2015,11,10316,0
1031,유성구,화폐박물관,2015,12,7740,0
1032,유성구,화폐박물관,2016,1,12794,0
1033,유성구,화폐박물관,2016,2,6410,0
1034,유성구,화폐박물관,2016,3,6849,0
1035,유성구,화폐박물관,2016,4,25296,0
1036,유성구,화폐박물관,2016,5,12766,0
1037,유성구,화폐박물관,2016,6,6515,0
1038,유성구,화폐박물관,2016,7,10148,0
1039,유성구,화폐박물관,2016,8,14461,0
1040,유성구,화폐박물관,2016,9,8544,0
1041,유성구,화폐박물관,2016,10,11638,0
1042,유성구,화폐박물관,2016,11,7032,0
1043,유성구,화폐박물관,2016,12,7076,0
1044,유성구,화폐박물관,2017,1,9613,0
1045,유성구,화폐박물관,2017,2,8902,0
1046,유성구,화폐박물관,2017,3,7001,0
1047,유성구,화폐박물관,2017,4,31238,0
1048,유성구,화폐박물관,2017,5,11244,0
1049,유성구,화폐박물관,2017,6,7074,0
1050,유성구,화폐박물관,2017,7,7535,0
1051,유성구,화폐박물관,2017,8,13598,0
1052,유성구,화폐박물관,2017,9,8208,0
1053,유성구,화폐박물관,2017,10,9158,0
1054,유성구,화폐박물관,2017,11,7158,0
1055,유성구,화폐박물관,2017,12,6849,0
1056,유성구,화폐박물관,2018,1,9776,0
1057,유성구,화폐박물관,2018,2,4888,0
1058,유성구,화폐박물관,2018,3,6055,0
1059,유성구,화폐박물관,2018,4,21378,0
1060,유성구,화폐박물관,2018,5,11277,0
1061,유성구,화폐박물관,2018,6,6394,0
1062,유성구,화폐박물관,2018,7,7326,0
1063,유성구,화폐박물관,2018,8,13375,0
1064,유성구,화폐박물관,2018,9,7291,0
1065,유성구,화폐박물관,2018,10,9172,21
1066,유성구,화폐박물관,2018,11,6982,45
1067,유성구,화폐박물관,2018,12,7545,43
1068,유성구,화폐박물관,2019,1,9574,17
1069,유성구,화폐박물관,2019,2,5217,13
1070,유성구,화폐박물관,2019,3,6132,33
1071,유성구,화폐박물관,2019,4,26441,109
1072,유성구,화폐박물관,2019,5,9070,38
1073,유성구,화폐박물관,2019,6,6263,18
1074,유성구,화폐박물관,2019,7,5889,20
1075,유성구,화폐박물관,2019,8,10216,41
1076,유성구,화폐박물관,2019,9,5131,119
1077,유성구,화폐박물관,2019,10,20487,47
1078,유성구,화폐박물관,2019,11,6016,18
1079,유성구,화폐박물관,2019,12,5975,29
1080,대덕구,로하스가족공원 캠핑장,2015,1,0,0
1081,대덕구,로하스가족공원 캠핑장,2015,2,0,0
1082,대덕구,로하스가족공원 캠핑장,2015,3,0,0
1083,대덕구,로하스가족공원 캠핑장,2015,4,0,0
1084,대덕구,로하스가족공원 캠핑장,2015,5,0,0
1085,대덕구,로하스가족공원 캠핑장,2015,6,0,0
1086,대덕구,로하스가족공원 캠핑장,2015,7,0,0
1087,대덕구,로하스가족공원 캠핑장,2015,8,0,0
1088,대덕구,로하스가족공원 캠핑장,2015,9,0,0
1089,대덕구,로하스가족공원 캠핑장,2015,10,0,0
1090,대덕구,로하스가족공원 캠핑장,2015,11,0,0
1091,대덕구,로하스가족공원 캠핑장,2015,12,0,0
1092,대덕구,로하스가족공원 캠핑장,2016,1,0,0
1093,대덕구,로하스가족공원 캠핑장,2016,2,0,0
1094,대덕구,로하스가족공원 캠핑장,2016,3,0,0
1095,대덕구,로하스가족공원 캠핑장,2016,4,0,0
1096,대덕구,로하스가족공원 캠핑장,2016,5,0,0
1097,대덕구,로하스가족공원 캠핑장,2016,6,0,0
1098,대덕구,로하스가족공원 캠핑장,2016,7,0,0
1099,대덕구,로하스가족공원 캠핑장,2016,8,0,0
1100,대덕구,로하스가족공원 캠핑장,2016,9,0,0
1101,대덕구,로하스가족공원 캠핑장,2016,10,0,0
1102,대덕구,로하스가족공원 캠핑장,2016,11,0,0
1103,대덕구,로하스가족공원 캠핑장,2016,12,0,0
1104,대덕구,로하스가족공원 캠핑장,2017,1,1500,0
1105,대덕구,로하스가족공원 캠핑장,2017,2,1500,0
1106,대덕구,로하스가족공원 캠핑장,2017,3,2292,0
1107,대덕구,로하스가족공원 캠핑장,2017,4,2768,0
1108,대덕구,로하스가족공원 캠핑장,2017,5,3828,0
1109,대덕구,로하스가족공원 캠핑장,2017,6,3532,0
1110,대덕구,로하스가족공원 캠핑장,2017,7,2800,0
1111,대덕구,로하스가족공원 캠핑장,2017,8,4020,0
1112,대덕구,로하스가족공원 캠핑장,2017,9,3676,0
1113,대덕구,로하스가족공원 캠핑장,2017,10,3568,0
1114,대덕구,로하스가족공원 캠핑장,2017,11,1720,0
1115,대덕구,로하스가족공원 캠핑장,2017,12,1656,0
1116,대덕구,로하스가족공원 캠핑장,2018,1,1090,0
1117,대덕구,로하스가족공원 캠핑장,2018,2,1470,0
1118,대덕구,로하스가족공원 캠핑장,2018,3,2020,0
1119,대덕구,로하스가족공원 캠핑장,2018,4,2688,0
1120,대덕구,로하스가족공원 캠핑장,2018,5,3428,0
1121,대덕구,로하스가족공원 캠핑장,2018,6,3544,0
1122,대덕구,로하스가족공원 캠핑장,2018,7,2764,0
1123,대덕구,로하스가족공원 캠핑장,2018,8,3044,0
1124,대덕구,로하스가족공원 캠핑장,2018,9,3236,0
1125,대덕구,로하스가족공원 캠핑장,2018,10,2984,0
1126,대덕구,로하스가족공원 캠핑장,2018,11,1708,0
1127,대덕구,로하스가족공원 캠핑장,2018,12,1864,0
1128,대덕구,로하스가족공원 캠핑장,2019,1,1092,0
1129,대덕구,로하스가족공원 캠핑장,2019,2,1600,0
1130,대덕구,로하스가족공원 캠핑장,2019,3,1792,0
1131,대덕구,로하스가족공원 캠핑장,2019,4,2236,0
1132,대덕구,로하스가족공원 캠핑장,2019,5,3528,0
1133,대덕구,로하스가족공원 캠핑장,2019,6,2784,0
1134,대덕구,로하스가족공원 캠핑장,2019,7,2824,0
1135,대덕구,로하스가족공원 캠핑장,2019,8,3800,0
1136,대덕구,로하스가족공원 캠핑장,2019,9,2836,0
1137,대덕구,로하스가족공원 캠핑장,2019,10,3336,0
1138,대덕구,로하스가족공원 캠핑장,2019,11,2368,0
1139,대덕구,로하스가족공원 캠핑장,2019,12,1732,0
